{"cameraMode":{"drawMode":0,"name":"Shaded","section":"Shading Mode"},"sceneLighting":false,"audioPlay":false,"sceneViewState":{"m_AlwaysRefresh":false,"showFog":true,"showSkybox":false,"showFlares":true,"showImageEffects":true,"showParticleSystems":true,"showVisualEffectGraphs":true,"m_FxEnabled":true},"in2DMode":false,"pivot":{"x":-0.005708739161491394,"y":2.702378273010254,"z":0.1925748586654663},"rotation":{"x":-0.011642782017588616,"y":-0.2420533150434494,"z":-0.002904758555814624,"w":0.9701894521713257},"size":0.476776659488678,"orthographic":false}